blind_name,yes_yes,yes_no,no_yes,no_no,blind_rate
combo_C1,0,56,0,154,1.0
combo_C2,0,56,0,154,1.0
combo_C3,0,56,0,154,1.0
combo_L7,21,35,5,149,0.625
combo_L8,21,35,2,152,0.625
combo_L1,30,26,12,142,0.4642857142857143
combo_D1+D2+D3,33,23,8,146,0.4107142857142857
combo_D8,35,21,17,137,0.375
combo_L3,36,20,20,134,0.35714285714285715
combo_L4+L5+L6,36,20,12,142,0.35714285714285715
combo_L2,38,18,15,139,0.32142857142857145
combo_D4+D5+D6+D7,41,15,16,138,0.26785714285714285
