blind_name,yes_yes,yes_no,no_yes,no_no,blind_rate
combo_L7,0,32,1,177,1.0
combo_L3,2,30,1,177,0.9375
combo_L4+L5+L6,3,29,2,176,0.90625
combo_L8,8,24,2,176,0.75
combo_D8,11,21,13,165,0.65625
combo_C1,13,19,9,169,0.59375
combo_L1,14,18,10,168,0.5625
combo_C3,16,16,13,165,0.5
combo_D4+D5+D6+D7,16,16,11,167,0.5
combo_L2,17,15,12,166,0.46875
combo_D1+D2+D3,18,14,12,166,0.4375
combo_C2,19,13,11,167,0.40625
