{
  "Llama3.1-8B": 0.6432291666666666,
  "DS-R1-Dist-Llama-8B": 0.5686274509803922,
  "GPT-4o": 0.5669642857142856,
  "o3-mini": 0.5500000000000002,
  "DS-R1-Dist-Qwen-7B": 0.5476190476190477,
  "Qwen2.5-7B": 0.5173611111111112,
  "DS-R1-Dist-Llama-70B": 0.4976190476190476,
  "DS-R1-Dist-Qwen-14B": 0.46913580246913583,
  "DS-R1-Dist-Qwen-32B": 0.4527777777777777,
  "Qwen2.5-14B": 0.4434523809523809,
  "Llama3.3-70B": 0.4288194444444444,
  "Qwen2.5-32B": 0.3838383838383837,
  "DeepSeek-R1": 0.0,
  "DeepSeek-V3": 0.0,
  "GPT-3.5-turbo": 0.0
}