{
  "combo_C3": 0.21942937342593102,
  "combo_C1": 0.21874686963330608,
  "combo_C2": 0.19193776752812444,
  "combo_L4+L5+L6": 0.1709416358416513,
  "combo_L7": 0.17043334671141297,
  "combo_L1": 0.1530176975464659,
  "combo_D1+D2+D3": 0.14941788486727584,
  "combo_L3": 0.14655877846735793,
  "combo_D8": 0.14114390910782657,
  "combo_L8": 0.13392562807349623,
  "combo_D4+D5+D6+D7": 0.13350692830659508,
  "combo_L2": 0.1215349448863052
}