blind_name,yes_yes,yes_no,no_yes,no_no,blind_rate
combo_L3,138,2,3,0,0.014285714285714285
combo_L1,139,1,3,0,0.007142857142857143
combo_L2,139,1,3,0,0.007142857142857143
combo_L4+L5+L6,139,1,3,0,0.007142857142857143
combo_C1,140,0,3,0,0.0
combo_C2,140,0,3,0,0.0
combo_C3,140,0,3,0,0.0
combo_D1+D2+D3,140,0,3,0,0.0
combo_D4+D5+D6+D7,140,0,3,0,0.0
combo_D8,140,0,3,0,0.0
combo_L7,140,0,3,0,0.0
combo_L8,140,0,1,2,0.0
