blind_name,yes_yes,yes_no,no_yes,no_no,blind_rate
combo_C1,141,1,1,0,0.007042253521126761
combo_L3,141,1,0,1,0.007042253521126761
combo_L8,141,1,1,0,0.007042253521126761
combo_C2,142,0,1,0,0.0
combo_C3,142,0,1,0,0.0
combo_D1+D2+D3,142,0,1,0,0.0
combo_D4+D5+D6+D7,142,0,1,0,0.0
combo_D8,142,0,1,0,0.0
combo_L1,142,0,1,0,0.0
combo_L2,142,0,0,1,0.0
combo_L4+L5+L6,142,0,1,0,0.0
combo_L7,142,0,1,0,0.0
