{
  "DS-R1-Dist-Llama-70B": 0.47142857142857136,
  "o3-mini": 0.4305555555555555,
  "DS-R1-Dist-Llama-8B": 0.38825757575757575,
  "DeepSeek-R1": 0.34593023255813954,
  "DS-R1-Dist-Qwen-14B": 0.3063063063063063,
  "DS-R1-Dist-Qwen-32B": 0.26799242424242425,
  "Qwen2.5-7B": 0.24818840579710144,
  "DeepSeek-V3": 0.0957602339181286,
  "GPT-3.5-turbo": 0.08440170940170934,
  "Qwen2.5-14B": 0.08184523809523805,
  "DS-R1-Dist-Qwen-7B": 0.08012820512820512,
  "Qwen2.5-32B": 0.024875621890547223,
  "Llama3.3-70B": 0.0029761904761904587,
  "Llama3.1-8B": 0.001760563380281675,
  "GPT-4o": 0.0
}