blind_name,yes_yes,yes_no,no_yes,no_no,blind_rate
combo_D1+D2+D3,2,4,2,135,0.6666666666666666
combo_L1,2,4,2,135,0.6666666666666666
combo_L7,2,4,3,134,0.6666666666666666
combo_C3,3,3,89,48,0.5
combo_L4+L5+L6,3,3,12,125,0.5
combo_L8,3,3,44,93,0.5
combo_C1,4,2,3,134,0.3333333333333333
combo_C2,4,2,7,130,0.3333333333333333
combo_D4+D5+D6+D7,4,2,10,127,0.3333333333333333
combo_L3,4,2,7,130,0.3333333333333333
combo_D8,5,1,8,129,0.16666666666666666
combo_L2,5,1,10,127,0.16666666666666666
