blind_name,yes_yes,yes_no,no_yes,no_no,blind_rate
combo_C2,61,6,35,41,0.08955223880597014
combo_L3,62,5,37,39,0.07462686567164178
combo_C1,64,3,39,37,0.04477611940298507
combo_D4+D5+D6+D7,64,3,37,39,0.04477611940298507
combo_D1+D2+D3,66,1,67,9,0.014925373134328358
combo_L1,66,1,51,25,0.014925373134328358
combo_L2,66,1,37,39,0.014925373134328358
combo_C3,67,0,76,0,0.0
combo_D8,67,0,42,34,0.0
combo_L4+L5+L6,67,0,46,30,0.0
combo_L7,67,0,42,34,0.0
combo_L8,67,0,70,6,0.0
