blind_name,yes_yes,yes_no,no_yes,no_no,blind_rate
DeepSeek-V3,105,1,22,0,0.009433962264150943
DS-R1-Dist-Llama-70B,72,3,53,0,0.04
DS-R1-Dist-Llama-8B,56,3,63,6,0.05084745762711865
DS-R1-Dist-Qwen-14B,62,4,52,10,0.06060606060606061
DS-R1-Dist-Qwen-7B,32,5,81,10,0.13513513513513514
GPT-4o,87,0,41,0,0.0
Llama3.1-8B,59,0,69,0,0.0
Llama3.3-70B,71,0,57,0,0.0
Qwen2.5-7B,56,5,61,6,0.08196721311475409
