blind_name,yes_yes,yes_no,no_yes,no_no,blind_rate
DeepSeek-V3,106,0,22,0,0.0
DS-R1-Dist-Llama-70B,74,1,52,1,0.013333333333333334
DS-R1-Dist-Llama-8B,59,0,63,6,0.0
DS-R1-Dist-Qwen-14B,65,1,59,3,0.015151515151515152
DS-R1-Dist-Qwen-7B,35,2,84,7,0.05405405405405406
GPT-4o,87,0,41,0,0.0
Llama3.1-8B,59,0,69,0,0.0
Llama3.3-70B,71,0,57,0,0.0
Qwen2.5-7B,60,1,63,4,0.01639344262295082
