blind_name,yes_yes,yes_no,no_yes,no_no,blind_rate
DeepSeek-V3,106,0,22,0,0.0
DS-R1-Dist-Llama-70B,75,0,52,1,0.0
DS-R1-Dist-Llama-8B,57,2,65,4,0.03389830508474576
DS-R1-Dist-Qwen-14B,64,2,59,3,0.030303030303030304
DS-R1-Dist-Qwen-7B,36,1,89,2,0.02702702702702703
GPT-4o,87,0,41,0,0.0
Llama3.1-8B,59,0,69,0,0.0
Llama3.3-70B,71,0,57,0,0.0
Qwen2.5-7B,55,6,64,3,0.09836065573770492
