blind_name,yes_yes,yes_no,no_yes,no_no,blind_rate
DeepSeek-V3,106,0,22,0,0.0
DS-R1-Dist-Llama-70B,74,1,49,4,0.013333333333333334
DS-R1-Dist-Llama-8B,56,3,65,4,0.05084745762711865
DS-R1-Dist-Qwen-14B,66,0,59,3,0.0
DS-R1-Dist-Qwen-7B,34,3,84,7,0.08108108108108109
GPT-4o,87,0,41,0,0.0
Llama3.1-8B,59,0,68,1,0.0
Llama3.3-70B,71,0,57,0,0.0
Qwen2.5-7B,58,3,61,6,0.04918032786885246
