blind_name,yes_yes,yes_no,no_yes,no_no,blind_rate
DeepSeek-V3,106,0,22,0,0.0
DS-R1-Dist-Llama-8B,58,1,67,2,0.01694915254237288
DS-R1-Dist-Qwen-14B,64,2,58,4,0.030303030303030304
DS-R1-Dist-Qwen-7B,35,2,88,3,0.05405405405405406
GPT-4o,87,0,41,0,0.0
Llama3.1-8B,58,1,69,0,0.01694915254237288
Llama3.3-70B,71,0,57,0,0.0
Qwen2.5-7B,55,6,67,0,0.09836065573770492
