blind_name,yes_yes,yes_no,no_yes,no_no,blind_rate
DeepSeek-V3,105,1,22,0,0.009433962264150943
DS-R1-Dist-Llama-70B,73,2,52,1,0.02666666666666667
DS-R1-Dist-Llama-8B,56,3,67,2,0.05084745762711865
DS-R1-Dist-Qwen-14B,63,3,57,5,0.045454545454545456
DS-R1-Dist-Qwen-7B,33,4,87,4,0.10810810810810811
GPT-4o,87,0,41,0,0.0
Llama3.1-8B,58,1,69,0,0.01694915254237288
Llama3.3-70B,71,0,57,0,0.0
Qwen2.5-7B,56,5,61,6,0.08196721311475409
