blind_name,yes_yes,yes_no,no_yes,no_no,blind_rate
DeepSeek-V3,101,5,22,0,0.04716981132075472
DS-R1-Dist-Llama-70B,74,1,51,2,0.013333333333333334
DS-R1-Dist-Llama-8B,52,7,65,4,0.11864406779661017
DS-R1-Dist-Qwen-14B,61,5,60,2,0.07575757575757576
DS-R1-Dist-Qwen-7B,36,1,78,13,0.02702702702702703
GPT-4o,87,0,41,0,0.0
Llama3.1-8B,59,0,69,0,0.0
Llama3.3-70B,70,1,57,0,0.014084507042253521
Qwen2.5-7B,56,5,61,6,0.08196721311475409
