blind_name,yes_yes,yes_no,no_yes,no_no,blind_rate
DeepSeek-V3,104,2,22,0,0.018867924528301886
DS-R1-Dist-Llama-70B,73,2,51,2,0.02666666666666667
DS-R1-Dist-Llama-8B,58,1,68,1,0.01694915254237288
DS-R1-Dist-Qwen-7B,33,4,87,4,0.10810810810810811
GPT-4o,87,0,41,0,0.0
Llama3.1-8B,59,0,68,1,0.0
Llama3.3-70B,71,0,57,0,0.0
Qwen2.5-7B,59,2,62,5,0.03278688524590164
