blind_name,yes_yes,yes_no,no_yes,no_no,blind_rate
DeepSeek-V3,105,1,22,0,0.009433962264150943
DS-R1-Dist-Llama-70B,74,1,51,2,0.013333333333333334
DS-R1-Dist-Llama-8B,59,0,66,3,0.0
DS-R1-Dist-Qwen-14B,63,3,55,7,0.045454545454545456
DS-R1-Dist-Qwen-7B,34,3,87,4,0.08108108108108109
GPT-4o,87,0,41,0,0.0
Llama3.1-8B,58,1,68,1,0.01694915254237288
Llama3.3-70B,71,0,57,0,0.0
Qwen2.5-7B,59,2,63,4,0.03278688524590164
