blind_name,yes_yes,yes_no,no_yes,no_no,blind_rate
DeepSeek-V3,106,0,22,0,0.0
DS-R1-Dist-Llama-70B,75,0,51,2,0.0
DS-R1-Dist-Llama-8B,58,1,64,5,0.01694915254237288
DS-R1-Dist-Qwen-14B,62,4,58,4,0.06060606060606061
DS-R1-Dist-Qwen-7B,36,1,88,3,0.02702702702702703
GPT-4o,87,0,41,0,0.0
Llama3.1-8B,59,0,69,0,0.0
Llama3.3-70B,71,0,57,0,0.0
Qwen2.5-7B,56,5,62,5,0.08196721311475409
