blind_name,yes_yes,yes_no,no_yes,no_no,blind_rate
DeepSeek-V3,106,0,22,0,0.0
DS-R1-Dist-Llama-70B,74,1,53,0,0.013333333333333334
DS-R1-Dist-Llama-8B,57,2,66,3,0.03389830508474576
DS-R1-Dist-Qwen-14B,62,4,54,8,0.06060606060606061
DS-R1-Dist-Qwen-7B,33,4,89,2,0.10810810810810811
GPT-4o,87,0,41,0,0.0
Llama3.1-8B,59,0,69,0,0.0
Llama3.3-70B,71,0,57,0,0.0
Qwen2.5-7B,60,1,60,7,0.01639344262295082
