{
  "combo_C1": 0.04199886986080213,
  "combo_L1": 0.041998170599145374,
  "combo_L4+L5+L6": 0.03771412286419071,
  "combo_C3": 0.02707700564744185,
  "combo_L8": 0.025815472195022057,
  "combo_D1+D2+D3": 0.02542234213641886,
  "combo_C2": 0.022115439991265,
  "combo_L3": 0.021604688878931702,
  "combo_L7": 0.021065446461389765,
  "combo_L2": 0.020727717032246042,
  "combo_D8": 0.020430162807238177,
  "combo_D4+D5+D6+D7": 0.010992482795761465
}