blind_name,yes_yes,yes_no,no_yes,no_no,blind_rate
DeepSeek-V3,128,0,0,0,0.0
DS-R1-Dist-Llama-70B,126,2,0,0,0.015625
DS-R1-Dist-Llama-8B,118,5,4,1,0.04065040650406504
DS-R1-Dist-Qwen-14B,117,4,7,0,0.03305785123966942
DS-R1-Dist-Qwen-7B,117,9,2,0,0.07142857142857142
GPT-4o,128,0,0,0,0.0
Llama3.1-8B,128,0,0,0,0.0
Llama3.3-70B,128,0,0,0,0.0
Qwen2.5-7B,119,1,4,4,0.008333333333333333
