blind_name,yes_yes,yes_no,no_yes,no_no,blind_rate
DeepSeek-V3,123,5,0,0,0.0390625
DS-R1-Dist-Llama-70B,125,3,0,0,0.0234375
DS-R1-Dist-Llama-8B,112,11,5,0,0.08943089430894309
DS-R1-Dist-Qwen-14B,114,7,7,0,0.05785123966942149
DS-R1-Dist-Qwen-7B,113,13,1,1,0.10317460317460317
GPT-4o,128,0,0,0,0.0
Llama3.1-8B,128,0,0,0,0.0
Llama3.3-70B,127,1,0,0,0.0078125
Qwen2.5-7B,115,5,2,6,0.041666666666666664
