blind_name,yes_yes,yes_no,no_yes,no_no,blind_rate
DeepSeek-V3,126,2,0,0,0.015625
DS-R1-Dist-Llama-70B,124,4,0,0,0.03125
DS-R1-Dist-Llama-8B,122,1,4,1,0.008130081300813009
DS-R1-Dist-Qwen-7B,119,7,1,1,0.05555555555555555
GPT-4o,128,0,0,0,0.0
Llama3.1-8B,127,1,0,0,0.0078125
Llama3.3-70B,128,0,0,0,0.0
Qwen2.5-7B,118,2,3,5,0.016666666666666666
