blind_name,yes_yes,yes_no,no_yes,no_no,blind_rate
DeepSeek-V3,128,0,0,0,0.0
DS-R1-Dist-Llama-70B,127,1,0,0,0.0078125
DS-R1-Dist-Llama-8B,119,4,4,1,0.032520325203252036
DS-R1-Dist-Qwen-14B,111,10,5,2,0.08264462809917356
DS-R1-Dist-Qwen-7B,121,5,1,1,0.03968253968253968
GPT-4o,128,0,0,0,0.0
Llama3.1-8B,128,0,0,0,0.0
Llama3.3-70B,128,0,0,0,0.0
Qwen2.5-7B,115,5,5,3,0.041666666666666664
