blind_name,yes_yes,yes_no,no_yes,no_no,blind_rate
DeepSeek-V3,127,1,0,0,0.0078125
DS-R1-Dist-Llama-70B,125,3,0,0,0.0234375
DS-R1-Dist-Llama-8B,116,7,3,2,0.056910569105691054
DS-R1-Dist-Qwen-14B,111,10,3,4,0.08264462809917356
DS-R1-Dist-Qwen-7B,111,15,2,0,0.11904761904761904
GPT-4o,128,0,0,0,0.0
Llama3.1-8B,128,0,0,0,0.0
Llama3.3-70B,128,0,0,0,0.0
Qwen2.5-7B,114,6,3,5,0.05
