blind_name,yes_yes,yes_no,no_yes,no_no,blind_rate
DeepSeek-V3,127,1,0,0,0.0078125
DS-R1-Dist-Llama-70B,126,2,0,0,0.015625
DS-R1-Dist-Llama-8B,119,4,5,0,0.032520325203252036
DS-R1-Dist-Qwen-14B,115,6,4,3,0.049586776859504134
DS-R1-Dist-Qwen-7B,120,6,2,0,0.047619047619047616
GPT-4o,128,0,0,0,0.0
Llama3.1-8B,128,0,0,0,0.0
Llama3.3-70B,128,0,0,0,0.0
Qwen2.5-7B,112,8,2,6,0.06666666666666667
