blind_name,yes_yes,yes_no,no_yes,no_no,blind_rate
DeepSeek-V3,127,1,0,0,0.0078125
DS-R1-Dist-Llama-70B,125,3,0,0,0.0234375
DS-R1-Dist-Llama-8B,118,5,5,0,0.04065040650406504
DS-R1-Dist-Qwen-14B,115,6,5,2,0.049586776859504134
DS-R1-Dist-Qwen-7B,118,8,2,0,0.06349206349206349
GPT-4o,128,0,0,0,0.0
Llama3.1-8B,127,1,0,0,0.0078125
Llama3.3-70B,128,0,0,0,0.0
Qwen2.5-7B,115,5,2,6,0.041666666666666664
