blind_name,yes_yes,yes_no,no_yes,no_no,blind_rate
DeepSeek-V3,127,1,0,0,0.0078125
DS-R1-Dist-Llama-70B,125,3,0,0,0.0234375
DS-R1-Dist-Llama-8B,120,3,5,0,0.024390243902439025
DS-R1-Dist-Qwen-14B,112,9,6,1,0.0743801652892562
DS-R1-Dist-Qwen-7B,119,7,2,0,0.05555555555555555
GPT-4o,128,0,0,0,0.0
Llama3.1-8B,126,2,0,0,0.015625
Llama3.3-70B,128,0,0,0,0.0
Qwen2.5-7B,118,2,4,4,0.016666666666666666
