blind_name,yes_yes,yes_no,no_yes,no_no,blind_rate
DeepSeek-V3,128,0,0,0,0.0
DS-R1-Dist-Llama-70B,127,1,0,0,0.0078125
DS-R1-Dist-Llama-8B,117,6,5,0,0.04878048780487805
DS-R1-Dist-Qwen-14B,116,5,7,0,0.04132231404958678
DS-R1-Dist-Qwen-7B,124,2,1,1,0.015873015873015872
GPT-4o,128,0,0,0,0.0
Llama3.1-8B,128,0,0,0,0.0
Llama3.3-70B,128,0,0,0,0.0
Qwen2.5-7B,114,6,5,3,0.05
