blind_name,yes_yes,yes_no,no_yes,no_no,blind_rate
DeepSeek-V3,128,0,0,0,0.0
DS-R1-Dist-Llama-70B,123,5,0,0,0.0390625
DS-R1-Dist-Llama-8B,118,5,3,2,0.04065040650406504
DS-R1-Dist-Qwen-14B,118,3,7,0,0.024793388429752067
DS-R1-Dist-Qwen-7B,116,10,2,0,0.07936507936507936
GPT-4o,128,0,0,0,0.0
Llama3.1-8B,127,1,0,0,0.0078125
Llama3.3-70B,128,0,0,0,0.0
Qwen2.5-7B,117,3,2,6,0.025
