{
  "combo_L1": 0.040270655979959345,
  "combo_C1": 0.03776142402805372,
  "combo_L4+L5+L6": 0.026050934835811012,
  "combo_D8": 0.024425590705385587,
  "combo_C2": 0.024207514601546368,
  "combo_L3": 0.0240759860332107,
  "combo_L8": 0.02270296218351463,
  "combo_C3": 0.020400949704320662,
  "combo_L2": 0.019016088941717156,
  "combo_D4+D5+D6+D7": 0.018788351389515456,
  "combo_L7": 0.018198701969720055,
  "combo_D1+D2+D3": 0.016879975440379388
}