blind_name,yes_yes,yes_no,no_yes,no_no,blind_rate
DeepSeek-V3,92,14,7,15,0.1320754716981132
DS-R1-Dist-Llama-70B,66,9,7,46,0.12
DS-R1-Dist-Llama-8B,43,16,9,60,0.2711864406779661
DS-R1-Dist-Qwen-14B,55,11,17,45,0.16666666666666666
DS-R1-Dist-Qwen-7B,23,14,11,80,0.3783783783783784
GPT-4o,73,14,10,31,0.16091954022988506
Llama3.1-8B,52,7,11,58,0.11864406779661017
Llama3.3-70B,62,9,8,49,0.1267605633802817
Qwen2.5-7B,47,14,9,58,0.22950819672131148
