blind_name,yes_yes,yes_no,no_yes,no_no,blind_rate
DeepSeek-V3,98,8,10,12,0.07547169811320754
DS-R1-Dist-Llama-70B,63,12,4,49,0.16
DS-R1-Dist-Llama-8B,42,17,11,58,0.288135593220339
DS-R1-Dist-Qwen-14B,57,9,17,45,0.13636363636363635
DS-R1-Dist-Qwen-7B,22,15,9,82,0.40540540540540543
GPT-4o,75,12,10,31,0.13793103448275862
Llama3.1-8B,49,10,11,58,0.1694915254237288
Llama3.3-70B,60,11,11,46,0.15492957746478872
Qwen2.5-7B,52,9,15,52,0.14754098360655737
