blind_name,yes_yes,yes_no,no_yes,no_no,blind_rate
DeepSeek-V3,94,12,10,12,0.11320754716981132
DS-R1-Dist-Llama-70B,60,15,6,47,0.2
DS-R1-Dist-Llama-8B,40,19,17,52,0.3220338983050847
DS-R1-Dist-Qwen-14B,52,14,20,42,0.21212121212121213
DS-R1-Dist-Qwen-7B,23,14,9,82,0.3783783783783784
GPT-4o,73,14,8,33,0.16091954022988506
Llama3.1-8B,49,10,10,59,0.1694915254237288
Llama3.3-70B,58,13,5,52,0.18309859154929578
Qwen2.5-7B,44,17,10,57,0.2786885245901639
