blind_name,yes_yes,yes_no,no_yes,no_no,blind_rate
DeepSeek-V3,90,16,12,10,0.1509433962264151
DS-R1-Dist-Llama-70B,66,9,9,44,0.12
DS-R1-Dist-Llama-8B,42,17,10,59,0.288135593220339
DS-R1-Dist-Qwen-7B,21,16,11,80,0.43243243243243246
GPT-4o,74,13,7,34,0.14942528735632185
Llama3.1-8B,49,10,9,60,0.1694915254237288
Llama3.3-70B,57,14,8,49,0.19718309859154928
Qwen2.5-7B,50,11,15,52,0.18032786885245902
