blind_name,yes_yes,yes_no,no_yes,no_no,blind_rate
DeepSeek-V3,99,7,12,10,0.0660377358490566
DS-R1-Dist-Llama-70B,64,11,2,51,0.14666666666666667
DS-R1-Dist-Llama-8B,39,20,13,56,0.3389830508474576
DS-R1-Dist-Qwen-14B,51,15,13,49,0.22727272727272727
DS-R1-Dist-Qwen-7B,19,18,9,82,0.4864864864864865
GPT-4o,71,16,10,31,0.1839080459770115
Llama3.1-8B,46,13,9,60,0.22033898305084745
Llama3.3-70B,57,14,6,51,0.19718309859154928
Qwen2.5-7B,50,11,20,47,0.18032786885245902
