blind_name,yes_yes,yes_no,no_yes,no_no,blind_rate
DeepSeek-V3,89,17,6,16,0.16037735849056603
DS-R1-Dist-Llama-70B,66,9,6,47,0.12
DS-R1-Dist-Llama-8B,40,19,13,56,0.3220338983050847
DS-R1-Dist-Qwen-14B,53,13,13,49,0.19696969696969696
DS-R1-Dist-Qwen-7B,19,18,11,80,0.4864864864864865
GPT-4o,67,20,4,37,0.22988505747126436
Llama3.1-8B,45,14,11,58,0.23728813559322035
Llama3.3-70B,56,15,7,50,0.2112676056338028
Qwen2.5-7B,49,12,10,57,0.19672131147540983
