blind_name,yes_yes,yes_no,no_yes,no_no,blind_rate
DeepSeek-V3,91,15,4,18,0.14150943396226415
DS-R1-Dist-Llama-70B,62,13,11,42,0.17333333333333334
DS-R1-Dist-Llama-8B,38,21,13,56,0.3559322033898305
DS-R1-Dist-Qwen-14B,46,20,15,47,0.30303030303030304
DS-R1-Dist-Qwen-7B,20,17,9,82,0.4594594594594595
GPT-4o,78,9,10,31,0.10344827586206896
Llama3.1-8B,49,10,9,60,0.1694915254237288
Llama3.3-70B,56,15,2,55,0.2112676056338028
Qwen2.5-7B,46,15,8,59,0.2459016393442623
