blind_name,yes_yes,yes_no,no_yes,no_no,blind_rate
DeepSeek-V3,101,5,11,11,0.04716981132075472
DS-R1-Dist-Llama-70B,70,5,3,50,0.06666666666666667
DS-R1-Dist-Llama-8B,41,18,13,56,0.3050847457627119
DS-R1-Dist-Qwen-14B,54,12,18,44,0.18181818181818182
DS-R1-Dist-Qwen-7B,28,9,13,78,0.24324324324324326
GPT-4o,78,9,11,30,0.10344827586206896
Llama3.1-8B,53,6,12,57,0.1016949152542373
Llama3.3-70B,63,8,5,52,0.11267605633802817
Qwen2.5-7B,48,13,10,57,0.21311475409836064
