blind_name,yes_yes,yes_no,no_yes,no_no,blind_rate
DeepSeek-V3,92,14,10,12,0.1320754716981132
DS-R1-Dist-Llama-8B,29,30,7,62,0.5084745762711864
DS-R1-Dist-Qwen-14B,42,24,10,52,0.36363636363636365
DS-R1-Dist-Qwen-7B,11,26,7,84,0.7027027027027027
GPT-4o,73,14,23,18,0.16091954022988506
Llama3.1-8B,43,16,9,60,0.2711864406779661
Llama3.3-70B,54,17,9,48,0.23943661971830985
Qwen2.5-7B,45,16,22,45,0.26229508196721313
