blind_name,yes_yes,yes_no,no_yes,no_no,blind_rate
DeepSeek-V3,88,18,11,11,0.16981132075471697
DS-R1-Dist-Llama-70B,60,15,6,47,0.2
DS-R1-Dist-Llama-8B,33,26,11,58,0.4406779661016949
DS-R1-Dist-Qwen-14B,47,19,23,39,0.2878787878787879
DS-R1-Dist-Qwen-7B,17,20,11,80,0.5405405405405406
GPT-4o,72,15,12,29,0.1724137931034483
Llama3.1-8B,45,14,14,55,0.23728813559322035
Llama3.3-70B,54,17,6,51,0.23943661971830985
Qwen2.5-7B,47,14,10,57,0.22950819672131148
