blind_name,yes_yes,yes_no,no_yes,no_no,blind_rate
DeepSeek-V3,91,15,9,13,0.14150943396226415
DS-R1-Dist-Llama-70B,71,4,8,45,0.05333333333333334
DS-R1-Dist-Llama-8B,43,16,10,59,0.2711864406779661
DS-R1-Dist-Qwen-14B,55,11,15,47,0.16666666666666666
DS-R1-Dist-Qwen-7B,25,12,13,78,0.32432432432432434
GPT-4o,72,15,8,33,0.1724137931034483
Llama3.1-8B,52,7,12,57,0.11864406779661017
Llama3.3-70B,62,9,4,53,0.1267605633802817
Qwen2.5-7B,49,12,6,61,0.19672131147540983
