blind_name,yes_yes,yes_no,no_yes,no_no,blind_rate
DeepSeek-V3,94,12,9,13,0.11320754716981132
DS-R1-Dist-Llama-70B,64,11,8,45,0.14666666666666667
DS-R1-Dist-Llama-8B,39,20,11,58,0.3389830508474576
DS-R1-Dist-Qwen-14B,47,19,19,43,0.2878787878787879
DS-R1-Dist-Qwen-7B,19,18,12,79,0.4864864864864865
GPT-4o,72,15,14,27,0.1724137931034483
Llama3.1-8B,47,12,7,62,0.2033898305084746
Llama3.3-70B,58,13,7,50,0.18309859154929578
Qwen2.5-7B,49,12,14,53,0.19672131147540983
