{
  "combo_C3": 0.3300908496127175,
  "combo_L1": 0.27972837337911444,
  "combo_L4+L5+L6": 0.24037486438211697,
  "combo_C2": 0.24011439449172572,
  "combo_C1": 0.2365384517428709,
  "combo_L8": 0.22746718484380685,
  "combo_L7": 0.22421546864084002,
  "combo_D1+D2+D3": 0.21099240026290567,
  "combo_L3": 0.18934881394991251,
  "combo_D4+D5+D6+D7": 0.18614105045338017,
  "combo_D8": 0.17461777052447824,
  "combo_L2": 0.15276851670713926
}