blind_name,yes_yes,yes_no,no_yes,no_no,blind_rate
combo_L1,17,7,35,25,0.2916666666666667
combo_C1,21,3,43,17,0.125
combo_D1+D2+D3,21,3,47,13,0.125
combo_D4+D5+D6+D7,21,3,45,15,0.125
combo_C2,22,2,44,16,0.08333333333333333
combo_L4+L5+L6,22,2,41,19,0.08333333333333333
combo_D8,23,1,42,18,0.041666666666666664
combo_L2,23,1,44,16,0.041666666666666664
combo_L3,23,1,49,11,0.041666666666666664
combo_L8,23,1,60,0,0.041666666666666664
combo_C3,24,0,60,0,0.0
combo_L7,24,0,48,12,0.0
