blind_name,yes_yes,yes_no,no_yes,no_no,blind_rate
combo_C1,8,4,35,37,0.3333333333333333
combo_D8,9,3,35,37,0.25
combo_L1,9,3,37,35,0.25
combo_L7,9,3,50,22,0.25
combo_D4+D5+D6+D7,10,2,46,26,0.16666666666666666
combo_C3,11,1,71,1,0.08333333333333333
combo_L2,11,1,42,30,0.08333333333333333
combo_L3,11,1,43,29,0.08333333333333333
combo_L8,11,1,59,13,0.08333333333333333
combo_C2,12,0,44,28,0.0
combo_D1+D2+D3,12,0,50,22,0.0
combo_L4+L5+L6,12,0,40,32,0.0
