blind_name,yes_yes,yes_no,no_yes,no_no,blind_rate
combo_C1,12,3,45,24,0.2
combo_L8,12,3,57,12,0.2
combo_D8,13,2,50,19,0.13333333333333333
combo_L2,13,2,42,27,0.13333333333333333
combo_C2,14,1,44,25,0.06666666666666667
combo_D1+D2+D3,14,1,55,14,0.06666666666666667
combo_D4+D5+D6+D7,14,1,47,22,0.06666666666666667
combo_L1,14,1,47,22,0.06666666666666667
combo_L7,14,1,44,25,0.06666666666666667
combo_C3,15,0,62,7,0.0
combo_L3,15,0,47,22,0.0
combo_L4+L5+L6,15,0,54,15,0.0
