blind_name,yes_yes,yes_no,no_yes,no_no,blind_rate
combo_C1,9,3,60,12,0.25
combo_L7,10,2,65,7,0.16666666666666666
combo_L8,10,2,71,1,0.16666666666666666
combo_C3,11,1,67,5,0.08333333333333333
combo_D1+D2+D3,11,1,60,12,0.08333333333333333
combo_D4+D5+D6+D7,11,1,68,4,0.08333333333333333
combo_D8,11,1,68,4,0.08333333333333333
combo_L1,11,1,59,13,0.08333333333333333
combo_L3,11,1,62,10,0.08333333333333333
combo_C2,12,0,65,7,0.0
combo_L2,12,0,64,8,0.0
combo_L4+L5+L6,12,0,65,7,0.0
