blind_name,yes_yes,yes_no,no_yes,no_no,blind_rate
combo_C1,6,1,61,16,0.14285714285714285
combo_C2,6,1,64,13,0.14285714285714285
combo_D4+D5+D6+D7,6,1,61,16,0.14285714285714285
combo_C3,7,0,72,5,0.0
combo_D1+D2+D3,7,0,74,3,0.0
combo_D8,7,0,68,9,0.0
combo_L1,7,0,68,9,0.0
combo_L2,7,0,68,9,0.0
combo_L3,7,0,70,7,0.0
combo_L4+L5+L6,7,0,63,14,0.0
combo_L7,7,0,68,9,0.0
combo_L8,7,0,69,8,0.0
