{
  "o3-mini": 0.24999999999999992,
  "Qwen2.5-7B": 0.2045454545454545,
  "DS-R1-Dist-Llama-8B": 0.19871794871794868,
  "DeepSeek-R1": 0.15151515151515146,
  "DS-R1-Dist-Qwen-14B": 0.13194444444444442,
  "DS-R1-Dist-Qwen-32B": 0.11979166666666667,
  "DS-R1-Dist-Qwen-7B": 0.09027777777777775,
  "DeepSeek-V3": 0.08333333333333331,
  "DS-R1-Dist-Llama-70B": 0.0833333333333333,
  "Qwen2.5-14B": 0.0833333333333333,
  "GPT-3.5-turbo": 0.0357142857142857,
  "Qwen2.5-32B": 0.008333333333333333,
  "Llama3.1-8B": 0.004166666666666667,
  "Llama3.3-70B": 0.003787878787878783,
  "GPT-4o": 0.0
}