blind_name,yes_yes,yes_no,no_yes,no_no,blind_rate
combo_L1,2,5,4,73,0.7142857142857143
combo_C1,3,4,9,68,0.5714285714285714
combo_D1+D2+D3,4,3,3,74,0.42857142857142855
combo_D8,4,3,10,67,0.42857142857142855
combo_L7,4,3,7,70,0.42857142857142855
combo_L8,4,3,26,51,0.42857142857142855
combo_C2,7,0,5,72,0.0
combo_C3,7,0,58,19,0.0
combo_D4+D5+D6+D7,7,0,15,62,0.0
combo_L2,7,0,9,68,0.0
combo_L3,7,0,11,66,0.0
combo_L4+L5+L6,7,0,22,55,0.0
