blind_name,yes_yes,yes_no,no_yes,no_no,blind_rate
combo_C3,11,3,53,17,0.21428571428571427
combo_C1,12,2,32,38,0.14285714285714285
combo_C2,12,2,32,38,0.14285714285714285
combo_D8,12,2,32,38,0.14285714285714285
combo_L2,12,2,33,37,0.14285714285714285
combo_D1+D2+D3,13,1,44,26,0.07142857142857142
combo_L1,13,1,39,31,0.07142857142857142
combo_L7,13,1,33,37,0.07142857142857142
combo_D4+D5+D6+D7,14,0,31,39,0.0
combo_L3,14,0,46,24,0.0
combo_L4+L5+L6,14,0,31,39,0.0
combo_L8,14,0,58,12,0.0
