blind_name,yes_yes,yes_no,no_yes,no_no,blind_rate
combo_L1,123,5,0,0,0.0390625
combo_D1+D2+D3,126,2,0,0,0.015625
combo_C1,127,1,0,0,0.0078125
combo_C2,127,1,0,0,0.0078125
combo_D8,127,1,0,0,0.0078125
combo_L4+L5+L6,127,1,0,0,0.0078125
combo_C3,128,0,0,0,0.0
combo_D4+D5+D6+D7,128,0,0,0,0.0
combo_L2,128,0,0,0,0.0
combo_L3,128,0,0,0,0.0
combo_L7,128,0,0,0,0.0
combo_L8,128,0,0,0,0.0
