blind_name,yes_yes,yes_no,no_yes,no_no,blind_rate
combo_C1,111,10,3,4,0.08264462809917356
combo_L8,111,10,5,2,0.08264462809917356
combo_C2,112,9,6,1,0.0743801652892562
combo_L1,114,7,7,0,0.05785123966942149
combo_D8,115,6,4,3,0.049586776859504134
combo_L2,115,6,5,2,0.049586776859504134
combo_L4+L5+L6,115,6,5,2,0.049586776859504134
combo_C3,116,5,6,1,0.04132231404958678
combo_L7,116,5,7,0,0.04132231404958678
combo_D4+D5+D6+D7,117,4,7,0,0.03305785123966942
combo_L3,118,3,7,0,0.024793388429752067
