blind_name,yes_yes,yes_no,no_yes,no_no,blind_rate
combo_L3,123,5,0,0,0.0390625
combo_D1+D2+D3,124,4,0,0,0.03125
combo_C1,125,3,0,0,0.0234375
combo_C2,125,3,0,0,0.0234375
combo_L1,125,3,0,0,0.0234375
combo_L4+L5+L6,125,3,0,0,0.0234375
combo_D4+D5+D6+D7,126,2,0,0,0.015625
combo_D8,126,2,0,0,0.015625
combo_L2,126,2,0,0,0.015625
combo_L7,127,1,0,0,0.0078125
combo_L8,127,1,0,0,0.0078125
