{
  "DS-R1-Dist-Qwen-7B": 0.060185185185185126,
  "DS-R1-Dist-Qwen-14B": 0.05334335086401198,
  "DS-R1-Dist-Llama-8B": 0.039295392953929496,
  "Qwen2.5-7B": 0.037499999999999964,
  "DS-R1-Dist-Llama-70B": 0.020596590909090908,
  "DeepSeek-V3": 0.007161458333333333,
  "Llama3.1-8B": 0.00390625,
  "Llama3.3-70B": 0.0006510416666666666,
  "GPT-4o": 0.0
}