blind_name,yes_yes,yes_no,no_yes,no_no,blind_rate
combo_D8,112,8,2,6,0.06666666666666667
combo_C1,114,6,3,5,0.05
combo_C3,114,6,8,0,0.05
combo_L7,114,6,5,3,0.05
combo_L1,115,5,2,6,0.041666666666666664
combo_L2,115,5,3,5,0.041666666666666664
combo_L4+L5+L6,115,5,2,6,0.041666666666666664
combo_L8,115,5,5,3,0.041666666666666664
combo_L3,117,3,2,6,0.025
combo_C2,118,2,4,4,0.016666666666666666
combo_D1+D2+D3,118,2,3,5,0.016666666666666666
combo_D4+D5+D6+D7,119,1,4,4,0.008333333333333333
