{
  "combo_C1": 0.2225005241671908,
  "combo_C2": 0.21642030808697477,
  "combo_C3": 0.2149695366362033,
  "combo_L3": 0.21308419975086643,
  "combo_L8": 0.20561111727778397,
  "combo_D1+D2+D3": 0.19482548315881648,
  "combo_L7": 0.18598506431839762,
  "combo_L4+L5+L6": 0.18416040749374082,
  "combo_L1": 0.18167209333876,
  "combo_D4+D5+D6+D7": 0.16277555777555777,
  "combo_D8": 0.14177217843884507,
  "combo_L2": 0.13925654592321257
}