blind_name,yes_yes,yes_no,no_yes,no_no,blind_rate
combo_L1,101,5,22,0,0.04716981132075472
combo_D1+D2+D3,104,2,22,0,0.018867924528301886
combo_C1,105,1,22,0,0.009433962264150943
combo_C2,105,1,22,0,0.009433962264150943
combo_D8,105,1,22,0,0.009433962264150943
combo_L4+L5+L6,105,1,22,0,0.009433962264150943
combo_C3,106,0,22,0,0.0
combo_D4+D5+D6+D7,106,0,22,0,0.0
combo_L2,106,0,22,0,0.0
combo_L3,106,0,22,0,0.0
combo_L7,106,0,22,0,0.0
combo_L8,106,0,22,0,0.0
