blind_name,yes_yes,yes_no,no_yes,no_no,blind_rate
combo_L1,61,5,60,2,0.07575757575757576
combo_C1,62,4,52,10,0.06060606060606061
combo_L2,62,4,58,4,0.06060606060606061
combo_L8,62,4,54,8,0.06060606060606061
combo_C2,63,3,55,7,0.045454545454545456
combo_L4+L5+L6,63,3,57,5,0.045454545454545456
combo_C3,64,2,58,4,0.030303030303030304
combo_L7,64,2,59,3,0.030303030303030304
combo_D4+D5+D6+D7,65,1,59,3,0.015151515151515152
combo_D8,65,1,54,8,0.015151515151515152
combo_L3,66,0,59,3,0.0
