blind_name,yes_yes,yes_no,no_yes,no_no,blind_rate
combo_C1,72,3,53,0,0.04
combo_D1+D2+D3,73,2,51,2,0.02666666666666667
combo_L4+L5+L6,73,2,52,1,0.02666666666666667
combo_C2,74,1,51,2,0.013333333333333334
combo_D4+D5+D6+D7,74,1,52,1,0.013333333333333334
combo_L1,74,1,51,2,0.013333333333333334
combo_L3,74,1,49,4,0.013333333333333334
combo_L8,74,1,53,0,0.013333333333333334
combo_D8,75,0,51,2,0.0
combo_L2,75,0,51,2,0.0
combo_L7,75,0,52,1,0.0
