blind_name,yes_yes,yes_no,no_yes,no_no,blind_rate
combo_C2,58,1,68,1,0.01694915254237288
combo_C3,58,1,69,0,0.01694915254237288
combo_L4+L5+L6,58,1,69,0,0.01694915254237288
combo_C1,59,0,69,0,0.0
combo_D1+D2+D3,59,0,68,1,0.0
combo_D4+D5+D6+D7,59,0,69,0,0.0
combo_D8,59,0,69,0,0.0
combo_L1,59,0,69,0,0.0
combo_L2,59,0,69,0,0.0
combo_L3,59,0,68,1,0.0
combo_L7,59,0,69,0,0.0
combo_L8,59,0,69,0,0.0
