{
  "DS-R1-Dist-Qwen-7B": 0.06981981981981977,
  "Qwen2.5-7B": 0.06420765027322399,
  "DS-R1-Dist-Qwen-14B": 0.03994490358126719,
  "DS-R1-Dist-Llama-8B": 0.03531073446327678,
  "DS-R1-Dist-Llama-70B": 0.014545454545454518,
  "DeepSeek-V3": 0.008647798742138342,
  "Llama3.1-8B": 0.0042372881355932,
  "Llama3.3-70B": 0.0011737089201877917,
  "GPT-4o": 0.0
}