blind_name,yes_yes,yes_no,no_yes,no_no,blind_rate
combo_L2,21,9,93,87,0.3
combo_L3,23,7,90,90,0.23333333333333334
combo_D1+D2+D3,24,6,95,85,0.2
combo_D8,24,6,95,85,0.2
combo_L4+L5+L6,24,6,84,96,0.2
combo_C2,25,5,99,81,0.16666666666666666
combo_C3,25,5,117,63,0.16666666666666666
combo_D4+D5+D6+D7,26,4,86,94,0.13333333333333333
combo_L1,26,4,88,92,0.13333333333333333
combo_C1,27,3,88,92,0.1
combo_L7,28,2,111,69,0.06666666666666667
combo_L8,29,1,126,54,0.03333333333333333
