blind_name,yes_yes,yes_no,no_yes,no_no,blind_rate
combo_C1,0,56,0,154,1.0
combo_C2,0,56,0,154,1.0
combo_C3,0,56,0,154,1.0
combo_D4+D5+D6+D7,54,2,147,7,0.03571428571428571
combo_L1,54,2,145,9,0.03571428571428571
combo_D1+D2+D3,55,1,148,6,0.017857142857142856
combo_L2,55,1,142,12,0.017857142857142856
combo_L3,55,1,150,4,0.017857142857142856
combo_D8,56,0,143,11,0.0
combo_L4+L5+L6,56,0,147,7,0.0
combo_L7,56,0,150,4,0.0
combo_L8,56,0,154,0,0.0
