blind_name,yes_yes,yes_no,no_yes,no_no,blind_rate
combo_L3,3,29,36,142,0.90625
combo_L7,3,29,37,141,0.90625
combo_L4+L5+L6,8,24,33,145,0.75
combo_L8,13,19,38,140,0.59375
combo_D8,24,8,140,38,0.25
combo_D4+D5+D6+D7,29,3,132,46,0.09375
combo_L1,29,3,148,30,0.09375
combo_L2,29,3,150,28,0.09375
combo_C3,30,2,164,14,0.0625
combo_D1+D2+D3,31,1,163,15,0.03125
combo_C1,32,0,172,6,0.0
combo_C2,32,0,171,7,0.0
