{
  "Llama3.1-8B": 0.3151041666666667,
  "o3-mini": 0.30000000000000004,
  "GPT-4o": 0.26041666666666663,
  "Qwen2.5-7B": 0.2152777777777778,
  "DS-R1-Dist-Llama-8B": 0.17156862745098037,
  "DS-R1-Dist-Llama-70B": 0.16428571428571423,
  "DS-R1-Dist-Qwen-14B": 0.16358024691358022,
  "DS-R1-Dist-Qwen-32B": 0.1611111111111111,
  "DS-R1-Dist-Qwen-7B": 0.08035714285714282,
  "Llama3.3-70B": 0.062499999999999965,
  "Qwen2.5-32B": 0.03787878787878787,
  "Qwen2.5-14B": 0.02976190476190475,
  "DeepSeek-R1": 0.0,
  "DeepSeek-V3": 0.0,
  "GPT-3.5-turbo": 0.0
}