blind_name,yes_yes,yes_no,no_yes,no_no,blind_rate
combo_C3,25,3,133,49,0.10714285714285714
combo_L7,25,3,123,59,0.10714285714285714
combo_C2,26,2,100,82,0.07142857142857142
combo_C1,27,1,88,94,0.03571428571428571
combo_L8,27,1,137,45,0.03571428571428571
combo_D1+D2+D3,28,0,130,52,0.0
combo_D4+D5+D6+D7,28,0,96,86,0.0
combo_D8,28,0,96,86,0.0
combo_L1,28,0,129,53,0.0
combo_L2,28,0,103,79,0.0
combo_L3,28,0,124,58,0.0
combo_L4+L5+L6,28,0,91,91,0.0
