blind_name,yes_yes,yes_no,no_yes,no_no,blind_rate
combo_C3,9,2,122,10,0.18181818181818182
combo_D4+D5+D6+D7,9,2,117,15,0.18181818181818182
combo_L4+L5+L6,9,2,121,11,0.18181818181818182
combo_L7,9,2,118,14,0.18181818181818182
combo_L8,9,2,125,7,0.18181818181818182
combo_L2,10,1,121,11,0.09090909090909091
combo_L3,10,1,123,9,0.09090909090909091
combo_C1,11,0,119,13,0.0
combo_C2,11,0,121,11,0.0
combo_D1+D2+D3,11,0,119,13,0.0
combo_D8,11,0,122,10,0.0
combo_L1,11,0,116,16,0.0
