{
  "DS-R1-Dist-Llama-8B": 0.43452380952380953,
  "DS-R1-Dist-Llama-70B": 0.4333333333333334,
  "o3-mini": 0.3611111111111111,
  "Qwen2.5-7B": 0.34090909090909083,
  "DeepSeek-R1": 0.3364197530864197,
  "DS-R1-Dist-Qwen-32B": 0.2596153846153846,
  "DS-R1-Dist-Qwen-14B": 0.22916666666666666,
  "DeepSeek-V3": 0.13257575757575754,
  "DS-R1-Dist-Qwen-7B": 0.0909090909090909,
  "Qwen2.5-32B": 0.07638888888888888,
  "GPT-3.5-turbo": 0.06944444444444442,
  "Qwen2.5-14B": 0.0606060606060606,
  "Llama3.3-70B": 0.003787878787878783,
  "GPT-4o": 0.0,
  "Llama3.1-8B": 0.0
}