blind_name,yes_yes,yes_no,no_yes,no_no,blind_rate
combo_C2,9,3,87,44,0.25
combo_L3,9,3,90,41,0.25
combo_C1,10,2,93,38,0.16666666666666666
combo_D4+D5+D6+D7,11,1,90,41,0.08333333333333333
combo_L1,11,1,106,25,0.08333333333333333
combo_L2,11,1,92,39,0.08333333333333333
combo_C3,12,0,131,0,0.0
combo_D1+D2+D3,12,0,121,10,0.0
combo_D8,12,0,97,34,0.0
combo_L4+L5+L6,12,0,101,30,0.0
combo_L7,12,0,97,34,0.0
combo_L8,12,0,125,6,0.0
