blind_name,yes_yes,yes_no,no_yes,no_no,blind_rate
combo_C1,10,1,80,52,0.09090909090909091
combo_C2,10,1,93,39,0.09090909090909091
combo_C3,10,1,115,17,0.09090909090909091
combo_D4+D5+D6+D7,10,1,88,44,0.09090909090909091
combo_D8,10,1,93,39,0.09090909090909091
combo_L1,10,1,105,27,0.09090909090909091
combo_L2,10,1,83,49,0.09090909090909091
combo_L8,10,1,118,14,0.09090909090909091
combo_D1+D2+D3,11,0,105,27,0.0
combo_L3,11,0,99,33,0.0
combo_L4+L5+L6,11,0,91,41,0.0
combo_L7,11,0,87,45,0.0
