blind_name,yes_yes,yes_no,no_yes,no_no,blind_rate
combo_C1,83,1,0,0,0.011904761904761904
combo_C3,83,1,0,0,0.011904761904761904
combo_L2,83,1,0,0,0.011904761904761904
combo_L3,83,1,0,0,0.011904761904761904
combo_L8,83,1,0,0,0.011904761904761904
combo_C2,84,0,0,0,0.0
combo_D1+D2+D3,84,0,0,0,0.0
combo_D4+D5+D6+D7,84,0,0,0,0.0
combo_D8,84,0,0,0,0.0
combo_L1,84,0,0,0,0.0
combo_L4+L5+L6,84,0,0,0,0.0
combo_L7,84,0,0,0,0.0
