{
  "o3-mini": 0.3205128205128205,
  "DS-R1-Dist-Qwen-14B": 0.2616666666666667,
  "Qwen2.5-7B": 0.22407407407407395,
  "DS-R1-Dist-Llama-8B": 0.207070707070707,
  "DeepSeek-R1": 0.20424836601307184,
  "DS-R1-Dist-Qwen-32B": 0.18992248062015496,
  "DS-R1-Dist-Llama-70B": 0.1572327044025157,
  "DS-R1-Dist-Qwen-7B": 0.09649122807017539,
  "Qwen2.5-14B": 0.08333333333333327,
  "GPT-3.5-turbo": 0.06465517241379305,
  "DeepSeek-V3": 0.06214689265536721,
  "Qwen2.5-32B": 0.024691358024691332,
  "Llama3.1-8B": 0.004960317460317459,
  "Llama3.3-70B": 0.003048780487804875,
  "GPT-4o": 0.0
}