blind_name,yes_yes,yes_no,no_yes,no_no,blind_rate
combo_C2,25,2,18,39,0.07407407407407407
combo_L3,25,2,25,32,0.07407407407407407
combo_C1,26,1,22,35,0.037037037037037035
combo_C3,26,1,57,0,0.037037037037037035
combo_D4+D5+D6+D7,26,1,28,29,0.037037037037037035
combo_L1,26,1,28,29,0.037037037037037035
combo_D1+D2+D3,27,0,41,16,0.0
combo_D8,27,0,30,27,0.0
combo_L2,27,0,30,27,0.0
combo_L4+L5+L6,27,0,23,34,0.0
combo_L7,27,0,33,24,0.0
combo_L8,27,0,52,5,0.0
