{
  "combo_C3": 0.18090159296041647,
  "combo_C1": 0.1642118194078978,
  "combo_L3": 0.14993118627922547,
  "combo_D1+D2+D3": 0.1444759570494864,
  "combo_C2": 0.14287640645483782,
  "combo_L1": 0.13467698695639868,
  "combo_L7": 0.1323017169830895,
  "combo_L4+L5+L6": 0.12768551528355446,
  "combo_D4+D5+D6+D7": 0.12008260711692081,
  "combo_D8": 0.09183063124239595,
  "combo_L2": 0.09032461637853792,
  "combo_L8": 0.0901746809835045
}