{
  "combo_C3": 0.50875602429524,
  "combo_L7": 0.47299446377877746,
  "combo_C1": 0.43200399183242316,
  "combo_L8": 0.4173418828810986,
  "combo_D1+D2+D3": 0.4162507191428759,
  "combo_C2": 0.40361442388403174,
  "combo_L1": 0.39801540144677394,
  "combo_L4+L5+L6": 0.3714177607069764,
  "combo_D8": 0.3695975747201238,
  "combo_D4+D5+D6+D7": 0.36306567071272944,
  "combo_L3": 0.36300625300625294,
  "combo_L2": 0.33949095294683523
}