blind_name,yes_yes,yes_no,no_yes,no_no,blind_rate
combo_C3,1,11,4,127,0.9166666666666666
combo_D1+D2+D3,1,11,6,125,0.9166666666666666
combo_L8,4,8,4,127,0.6666666666666666
combo_C1,5,7,2,129,0.5833333333333334
combo_L1,5,7,6,125,0.5833333333333334
combo_D8,6,6,5,126,0.5
combo_L7,6,6,10,121,0.5
combo_D4+D5+D6+D7,7,5,4,127,0.4166666666666667
combo_L3,7,5,6,125,0.4166666666666667
combo_L4+L5+L6,7,5,5,126,0.4166666666666667
combo_L2,8,4,11,120,0.3333333333333333
combo_C2,9,3,10,121,0.25
