{
  "DS-R1-Dist-Llama-8B": 0.8928571428571431,
  "DS-R1-Dist-Llama-70B": 0.85,
  "DS-R1-Dist-Qwen-7B": 0.8257575757575757,
  "DS-R1-Dist-Qwen-32B": 0.7115384615384616,
  "Qwen2.5-7B": 0.7045454545454545,
  "DeepSeek-R1": 0.7037037037037037,
  "o3-mini": 0.6666666666666666,
  "DS-R1-Dist-Qwen-14B": 0.5833333333333334,
  "GPT-4o": 0.5688405797101449,
  "GPT-3.5-turbo": 0.5416666666666666,
  "Llama3.3-70B": 0.5303030303030302,
  "DeepSeek-V3": 0.5037878787878788,
  "Llama3.1-8B": 0.425438596491228,
  "Qwen2.5-32B": 0.40972222222222227,
  "Qwen2.5-14B": 0.28787878787878785
}