blind_name,yes_yes,yes_no,no_yes,no_no,blind_rate
combo_C3,0,3,2,138,1.0
combo_L1,0,3,1,139,1.0
combo_L4+L5+L6,0,3,3,137,1.0
combo_L7,0,3,3,137,1.0
combo_L8,0,3,3,137,1.0
combo_C1,1,2,3,137,0.6666666666666666
combo_D4+D5+D6+D7,1,2,3,137,0.6666666666666666
combo_L3,1,2,2,138,0.6666666666666666
combo_C2,2,1,5,135,0.3333333333333333
combo_D1+D2+D3,2,1,2,138,0.3333333333333333
combo_D8,2,1,4,136,0.3333333333333333
combo_L2,3,0,3,137,0.0
