blind_name,yes_yes,yes_no,no_yes,no_no,blind_rate
combo_C3,3,9,3,128,0.75
combo_D1+D2+D3,4,8,3,128,0.6666666666666666
combo_L3,5,7,16,115,0.5833333333333334
combo_C2,6,6,9,122,0.5
combo_L1,6,6,16,115,0.5
combo_L8,6,6,17,114,0.5
combo_C1,9,3,8,123,0.25
combo_D4+D5+D6+D7,9,3,12,119,0.25
combo_D8,9,3,14,117,0.25
combo_L2,9,3,12,119,0.25
combo_L4+L5+L6,9,3,17,114,0.25
combo_L7,10,2,12,119,0.16666666666666666
