blind_name,yes_yes,yes_no,no_yes,no_no,blind_rate
combo_L1,60,15,6,47,0.2
combo_L7,60,15,6,47,0.2
combo_L4+L5+L6,62,13,11,42,0.17333333333333334
combo_D4+D5+D6+D7,63,12,4,49,0.16
combo_C1,64,11,8,45,0.14666666666666667
combo_L8,64,11,2,51,0.14666666666666667
combo_C2,66,9,6,47,0.12
combo_D1+D2+D3,66,9,9,44,0.12
combo_L3,66,9,7,46,0.12
combo_L2,70,5,3,50,0.06666666666666667
combo_D8,71,4,8,45,0.05333333333333334
