{
  "DS-R1-Dist-Qwen-7B": 0.44369369369369366,
  "DS-R1-Dist-Llama-8B": 0.33757062146892663,
  "DS-R1-Dist-Qwen-14B": 0.2300275482093663,
  "Qwen2.5-7B": 0.2131147540983606,
  "Llama3.1-8B": 0.18220338983050846,
  "Llama3.3-70B": 0.18192488262910791,
  "GPT-4o": 0.1590038314176245,
  "DS-R1-Dist-Llama-70B": 0.13696969696969696,
  "DeepSeek-V3": 0.12028301886792452
}