{
  "combo_C1": 0.17129398379398378,
  "combo_L1": 0.16145243645243645,
  "combo_L7": 0.11255439005439002,
  "combo_L8": 0.10418137418137416,
  "combo_D8": 0.0962265512265512,
  "combo_L2": 0.0938206238206238,
  "combo_C3": 0.08451687201687201,
  "combo_D1+D2+D3": 0.07934731934731933,
  "combo_D4+D5+D6+D7": 0.07064074814074811,
  "combo_C2": 0.0677131202131202,
  "combo_L4+L5+L6": 0.06566627816627817,
  "combo_L3": 0.051621989121989106
}