{
  "combo_C1": 0.22498778567330155,
  "combo_D1+D2+D3": 0.2186075088733435,
  "combo_L7": 0.2052451333726944,
  "combo_C2": 0.1968042405707666,
  "combo_L8": 0.18812223055161872,
  "combo_L3": 0.18516891087388274,
  "combo_L1": 0.18512684713686778,
  "combo_L4+L5+L6": 0.17969431367653915,
  "combo_D4+D5+D6+D7": 0.17674691378543728,
  "combo_C3": 0.17657609085579923,
  "combo_D8": 0.1647471244810396,
  "combo_L2": 0.1624983672974891
}