{
  "combo_C3": 0.9300249966153856,
  "combo_L8": 0.7270525918695256,
  "combo_D1+D2+D3": 0.6721567425991529,
  "combo_L1": 0.6687299847368495,
  "combo_C1": 0.6295875205676885,
  "combo_L4+L5+L6": 0.6093790394705726,
  "combo_L7": 0.5763567192476422,
  "combo_C2": 0.5368071690154069,
  "combo_L3": 0.5233956788190197,
  "combo_D8": 0.5180742910224222,
  "combo_D4+D5+D6+D7": 0.5065378093105019,
  "combo_L2": 0.46672953709566983
}