blind_name,yes_yes,yes_no,no_yes,no_no,blind_rate
combo_C1,0,198,0,12,1.0
combo_C2,0,198,0,12,1.0
combo_C3,0,198,0,12,1.0
combo_D8,193,5,6,6,0.025252525252525252
combo_D4+D5+D6+D7,194,4,7,5,0.020202020202020204
combo_L2,194,4,3,9,0.020202020202020204
combo_L1,195,3,4,8,0.015151515151515152
combo_D1+D2+D3,196,2,7,5,0.010101010101010102
combo_L7,196,2,10,2,0.010101010101010102
combo_L3,197,1,8,4,0.005050505050505051
combo_L4+L5+L6,197,1,6,6,0.005050505050505051
combo_L8,198,0,12,0,0.0
