{
  "o3-mini": 0.4547619047619047,
  "Llama3.1-8B": 0.33922558922558915,
  "Qwen2.5-7B": 0.28630363036303624,
  "GPT-4o": 0.25925925925925924,
  "DS-R1-Dist-Qwen-32B": 0.2266081871345029,
  "DS-R1-Dist-Qwen-14B": 0.2135854341736694,
  "DS-R1-Dist-Llama-8B": 0.1825902335456475,
  "DS-R1-Dist-Llama-70B": 0.1791979949874686,
  "DS-R1-Dist-Qwen-7B": 0.10205992509363289,
  "Qwen2.5-14B": 0.0915841584158416,
  "Llama3.3-70B": 0.07259450171821301,
  "Qwen2.5-32B": 0.030472636815920346,
  "DeepSeek-R1": 0.0,
  "DeepSeek-V3": 0.0,
  "GPT-3.5-turbo": 0.0
}