{
  "combo_C3": 0.8449203574203575,
  "combo_L8": 0.6475516150516151,
  "combo_L1": 0.518536741036741,
  "combo_D1+D2+D3": 0.504473026973027,
  "combo_C1": 0.49102786102786095,
  "combo_L7": 0.4891838716838717,
  "combo_L4+L5+L6": 0.4302411477411477,
  "combo_D8": 0.4126667776667776,
  "combo_C2": 0.40235320235320227,
  "combo_L3": 0.37251720501720503,
  "combo_D4+D5+D6+D7": 0.3638342213342213,
  "combo_L2": 0.3328582528582528
}