{
  "combo_L1": 0.17959027783471226,
  "combo_C1": 0.15385829128305198,
  "combo_D8": 0.1471850376452531,
  "combo_L7": 0.1398924803079723,
  "combo_D1+D2+D3": 0.12838241167646172,
  "combo_D4+D5+D6+D7": 0.1279132257880168,
  "combo_L4+L5+L6": 0.12255553760276529,
  "combo_L2": 0.11986150386567852,
  "combo_C2": 0.11587357002634754,
  "combo_L3": 0.11433356661597197,
  "combo_L8": 0.09526084139558787,
  "combo_C3": 0.07853717740257525
}