blind_name,yes_yes,yes_no,no_yes,no_no,blind_rate
combo_C3,4,20,1,59,0.8333333333333334
combo_L1,9,15,5,55,0.625
combo_L8,10,14,3,57,0.5833333333333334
combo_C1,14,10,5,55,0.4166666666666667
combo_D1+D2+D3,14,10,3,57,0.4166666666666667
combo_D4+D5+D6+D7,16,8,5,55,0.3333333333333333
combo_L4+L5+L6,17,7,5,55,0.2916666666666667
combo_D8,18,6,6,54,0.25
combo_L7,18,6,6,54,0.25
combo_C2,19,5,6,54,0.20833333333333334
combo_L3,20,4,9,51,0.16666666666666666
combo_L2,21,3,6,54,0.125
