blind_name,yes_yes,yes_no,no_yes,no_no,blind_rate
combo_C3,1,11,1,71,0.9166666666666666
combo_L8,1,11,2,70,0.9166666666666666
combo_L7,2,10,6,66,0.8333333333333334
combo_D8,3,9,6,66,0.75
combo_L1,3,9,2,70,0.75
combo_C1,4,8,2,70,0.6666666666666666
combo_D1+D2+D3,4,8,2,70,0.6666666666666666
combo_L4+L5+L6,4,8,7,65,0.6666666666666666
combo_C2,5,7,4,68,0.5833333333333334
combo_L3,5,7,4,68,0.5833333333333334
combo_D4+D5+D6+D7,7,5,2,70,0.4166666666666667
combo_L2,7,5,1,71,0.4166666666666667
