blind_name,yes_yes,yes_no,no_yes,no_no,blind_rate
combo_C3,1,11,5,67,0.9166666666666666
combo_C1,4,8,6,66,0.6666666666666666
combo_D8,4,8,5,67,0.6666666666666666
combo_L7,4,8,9,63,0.6666666666666666
combo_D1+D2+D3,6,6,5,67,0.5
combo_D4+D5+D6+D7,6,6,5,67,0.5
combo_L1,6,6,7,65,0.5
combo_L2,6,6,6,66,0.5
combo_L4+L5+L6,6,6,3,69,0.5
combo_L8,6,6,5,67,0.5
combo_C2,8,4,9,63,0.3333333333333333
combo_L3,8,4,5,67,0.3333333333333333
