{
  "DS-R1-Dist-Qwen-7B": 0.6805555555555555,
  "DS-R1-Dist-Llama-8B": 0.673076923076923,
  "DS-R1-Dist-Llama-70B": 0.5777777777777777,
  "DS-R1-Dist-Qwen-14B": 0.548611111111111,
  "DeepSeek-R1": 0.5227272727272726,
  "DS-R1-Dist-Qwen-32B": 0.5,
  "Llama3.1-8B": 0.49999999999999994,
  "GPT-3.5-turbo": 0.4523809523809523,
  "Qwen2.5-14B": 0.42857142857142855,
  "GPT-4o": 0.4280303030303029,
  "Qwen2.5-7B": 0.4166666666666665,
  "o3-mini": 0.40476190476190466,
  "Qwen2.5-32B": 0.38333333333333336,
  "DeepSeek-V3": 0.375,
  "Llama3.3-70B": 0.37121212121212116
}