blind_name,yes_yes,yes_no,no_yes,no_no,blind_rate
combo_C3,1,6,2,75,0.8571428571428571
combo_L1,2,5,1,76,0.7142857142857143
combo_L7,2,5,0,77,0.7142857142857143
combo_L8,2,5,0,77,0.7142857142857143
combo_C1,3,4,0,77,0.5714285714285714
combo_D1+D2+D3,4,3,0,77,0.42857142857142855
combo_D8,4,3,1,76,0.42857142857142855
combo_D4+D5+D6+D7,6,1,0,77,0.14285714285714285
combo_L3,6,1,2,75,0.14285714285714285
combo_L4+L5+L6,6,1,2,75,0.14285714285714285
combo_C2,7,0,0,77,0.0
combo_L2,7,0,0,77,0.0
